{"train_loss": [0.9171791821400493, 0.3445519497081923, 0.3506870922376352, 0.368605952670198, 0.38470224623105675, 0.39901895018846495, 0.4010572326081648, 0.4201313366831493, 0.4356267627622527, 0.4404279488935145, 0.4434839724096408, 0.46620500570675455, 0.45308526193917686, 0.4628357452624388, 0.47326544985206903, 0.48232851347435257, 0.4909657381300225, 0.507881892674259, 0.5337517142359381, 0.5329325590242964], "val_loss": [0.3236278272738123, 0.3551616575687554, 0.3899511580064798, 0.4475978242743547, 0.4494920278051097, 0.4574171257246831, 0.45445821448496193, 0.4593985887469759, 0.49253873403664605, 0.5110739329058653, 0.5745476463418098, 0.5655781397014666, 0.5305628533575945, 0.5521368361582422, 0.5288846834450011, 0.6033068804224585, 0.584783673286438, 0.6750319797521943, 0.6194624771737749, 0.7022684364561822], "train_acc": [0.9273387526652452, 0.9714152452025586, 0.9792444029850746, 0.9830923507462687, 0.9858408848614072, 0.9866404584221748, 0.9889059168443497, 0.9900886194029851, 0.9899220415778252, 0.9911547174840085, 0.9919876066098081, 0.9924207089552238, 0.9925706289978679, 0.9936700426439232, 0.9929037846481876, 0.9950026652452025, 0.9942863805970149, 0.9946195362473348, 0.9949860074626866, 0.9948694029850746], "val_acc": [0.9633757961783439, 0.9683519108280255, 0.966859076433121, 0.9712380573248408, 0.976015127388535, 0.9724323248407644, 0.9742237261146497, 0.975218949044586, 0.9745222929936306, 0.977109872611465, 0.9751194267515924, 0.9738256369426752, 0.9757165605095541, 0.9745222929936306, 0.9790007961783439, 0.9759156050955414, 0.9747213375796179, 0.9720342356687898, 0.974422770700637, 0.9741242038216561], "mean_insep": [], "temporal_violations": [], "epoch_times": [12.512440204620361, 13.538661241531372, 11.95534610748291, 12.276730298995972, 13.54850697517395, 12.68175458908081, 11.81484842300415, 11.81595253944397, 11.342123031616211, 11.3907790184021, 11.203123092651367, 11.53558897972107, 11.755601406097412, 11.144481897354126, 11.401021718978882, 11.055772066116333, 11.668676137924194, 11.87580943107605, 10.991595029830933, 11.202863931655884]}