{"train_loss": [0.7987390684325304, 0.34269710032861117, 0.3478625370368266, 0.3621231312913173, 0.36928016508121225, 0.3947291244575972, 0.40619886318630755, 0.4127823681211166, 0.40668593747402304, 0.42148699762343345, 0.45159636993906394], "val_loss": [0.3003586617055213, 0.35773906111717224, 0.3835533022121259, 0.438962171411818, 0.40715051418656756, 0.4350940514901641, 0.4712187541518242, 0.4479301607912513, 0.48090622740186706, 0.5380077212099816, 0.5035406007508564], "train_acc": [0.9261227345415778, 0.9717650586353944, 0.978411513859275, 0.9828424840085288, 0.9855243869936035, 0.9870069296375267, 0.9880896855010661, 0.9894223081023454, 0.9905217217484008, 0.9918376865671642, 0.9918376865671642], "val_acc": [0.9700437898089171, 0.9732285031847133, 0.9713375796178344, 0.9736265923566879, 0.9778065286624203, 0.9729299363057324, 0.974422770700637, 0.9762141719745223, 0.9734275477707006, 0.9742237261146497, 0.9767117834394905], "mean_insep": [], "temporal_violations": [], "epoch_times": [12.203288555145264, 12.147720575332642, 11.725179195404053, 11.728879690170288, 12.848251819610596, 14.02581787109375, 14.056457042694092, 13.82389521598816, 13.562466621398926, 13.872931241989136, 13.00909948348999]}