batch,entropy,omega_norm,mean_z_norm,cos_z_omega,adj_fro,violations,title
64,2.3005475997924805,0.14898183941841125,1.923180341720581,-0.15788976848125458,2.0609817504882812,14,Random-input thoughts
