,phi_0,phi_1,phi_2,phi_3,phi_4,phi_5,phi_6,phi_7
phi_0,0.0,0.5495507,0.24781227,0.34443432,0.0859586,0.0,0.03161043,0.0
phi_1,0.5383176,0.0,0.0,0.5356335,0.3746261,0.07644075,0.0,0.0
phi_2,0.45863026,0.40917426,0.0,0.503822,0.22712088,0.0,0.02244395,0.0
phi_3,0.25262272,0.0,0.40426093,0.0,0.2742685,0.1726901,0.0,0.0
phi_4,0.18850034,0.5605523,0.0,0.0,0.0,0.045084894,0.0,0.57185847
phi_5,0.12778544,0.0,0.057594657,0.0,0.0,0.0,0.0,0.5665315
phi_6,0.0,0.0,0.0,0.029893935,0.0,0.06710839,0.0,0.5054315
phi_7,0.25477046,0.29840547,0.008289039,0.0,0.4258408,0.0,0.08328092,0.0
