batch,entropy,omega_norm,mean_z_norm,cos_z_omega,adj_fro,violations,title
64,2.2997188568115234,0.16456544399261475,1.8596832752227783,0.09167180955410004,1.9626165628433228,17,Random-input thoughts
