{
  "run_dir": "runs\\full_dump_20251021_221733",
  "adj_shape_rows": 8,
  "adj_shape_cols": 8,
  "adj_fro": 1.7299798246830942,
  "adj_density": 0.390625,
  "adj_upper_sum": 3.131253072,
  "adj_lower_sum": 4.4015426060000005,
  "temporal_violations": 12,
  "entropy_mean": 2.3003089479162915,
  "entropy_std": 0.0005294844856758063,
  "entropy_lnK": 2.302585092994046,
  "entropy_n": 64,
  "contrib_mean": 0.0037253783750000003,
  "contrib_std": 0.004060705988485369,
  "contrib_pos_frac": 0.875,
  "contrib_n": 8,
  "omega_norm": 0.15690152760263595,
  "omega_dim": 64
}