batch,entropy,omega_norm,mean_z_norm,cos_z_omega,adj_fro,violations,title
64,2.300504684448242,0.1569015234708786,1.9899131059646606,0.25773197412490845,1.7299798727035522,12,Random-input thoughts
