batch,entropy,omega_norm,mean_z_norm,cos_z_omega,adj_fro,violations,title
64,2.2994799613952637,0.1782809942960739,1.7887746095657349,0.026926912367343903,2.202342987060547,12,Random-input thoughts
