{"train_loss": [0.7935987330480679, 0.3394439213120861, 0.3472397238778661, 0.36540521301630974, 0.3661174296951497, 0.39167791220552123, 0.4129814490326432, 0.41948828196474736, 0.4215515839265608, 0.43968628562970963, 0.43303594933644035], "val_loss": [0.3084468003481057, 0.35854562091979253, 0.40163604563968197, 0.42444093819636447, 0.4200083260323591, 0.4641273765806939, 0.4743753083192619, 0.4975411193386005, 0.4907864858010772, 0.5354233201901624, 0.5575279494759383], "train_acc": [0.9230077292110874, 0.972631263326226, 0.9787113539445629, 0.9835754264392325, 0.9854744136460555, 0.988306236673774, 0.9896555170575693, 0.9895888859275054, 0.9906216684434968, 0.992070895522388, 0.992137526652452], "val_acc": [0.9683519108280255, 0.9689490445859873, 0.9672571656050956, 0.9711385350318471, 0.9785031847133758, 0.9715366242038217, 0.9757165605095541, 0.9774084394904459, 0.975218949044586, 0.9747213375796179, 0.9769108280254777], "mean_insep": [], "temporal_violations": [], "epoch_times": [10.302995204925537, 12.59453296661377, 13.23235297203064, 13.174170017242432, 15.782798290252686, 17.363601684570312, 17.613712787628174, 11.91461992263794, 12.536799430847168, 12.226743221282959, 9.123600006103516]}