{"train_loss": [0.9284563927349251, 0.34192019249838806, 0.3495779482445229, 0.36559380246187323, 0.3822040717040044, 0.40051259507121306, 0.40065917302804716, 0.4166911071551634, 0.41415546046518315, 0.44792879762044596, 0.4545764626661089, 0.45441789944161737, 0.47562711827282206, 0.4798118508319611, 0.482269409591201, 0.4979839694779565, 0.4952612768358259, 0.48695079906027455], "val_loss": [0.3150904389323702, 0.3735493478501678, 0.36566034377000894, 0.42614758014678955, 0.4673698421116847, 0.44613125255912733, 0.46024029668729016, 0.46440210539823884, 0.4788337938345162, 0.5889781468613132, 0.5180013950463314, 0.5490671521539141, 0.5565132379152213, 0.5723895965867741, 0.560684448784324, 0.5817689238839848, 0.5981186835249518, 0.5807693855018373], "train_acc": [0.9241071428571429, 0.9708322228144989, 0.9789778784648188, 0.9829757462686567, 0.9856409914712153, 0.9866571162046909, 0.9885894189765458, 0.9897221481876333, 0.9912546641791045, 0.9915711620469083, 0.9915211886993603, 0.9931036780383795, 0.9932036247334755, 0.9939532249466951, 0.9942364072494669, 0.9938033049040512, 0.9944529584221748, 0.9953358208955224], "val_acc": [0.9666600318471338, 0.9694466560509554, 0.9719347133757962, 0.9751194267515924, 0.9727308917197452, 0.9755175159235668, 0.9748208598726115, 0.9778065286624203, 0.9759156050955414, 0.9746218152866242, 0.976015127388535, 0.9800955414012739, 0.9775079617834395, 0.9745222929936306, 0.9739251592356688, 0.9762141719745223, 0.9724323248407644, 0.9769108280254777], "mean_insep": [], "temporal_violations": [], "epoch_times": [9.709465980529785, 9.280739068984985, 9.154941082000732, 9.132553815841675, 9.347934246063232, 9.804607152938843, 10.168001651763916, 10.429120779037476, 10.173379182815552, 10.48751711845398, 10.281213521957397, 10.492292165756226, 10.542362689971924, 9.772331714630127, 11.58611011505127, 11.912909030914307, 14.217626571655273, 12.525992393493652]}