batch,entropy,omega_norm,mean_z_norm,cos_z_omega,adj_fro,violations,title
64,2.2984278202056885,0.17132990062236786,1.9858254194259644,-0.0600460022687912,1.8305436372756958,12,Random-input thoughts
